Site,Core_Name,SiteType,SpecificType,SamplingDepth,BulkDensity,C,CDensity
Gud,Gud2,Ditched,DitchedFar,0,0.07,43.9585,15.44
Gud,Gud2,Ditched,DitchedFar,5,0.0865,44.4712,19.05
Gud,Gud2,Ditched,DitchedFar,10,0.1295,42.9938,27.62
Gud,Gud2,Ditched,DitchedFar,15,0.142,36.0559,25.52
Gud,Gud2,Ditched,DitchedFar,20,0.209,27.4476,28.55
Gud,Gud2,Ditched,DitchedFar,25,0.208,26.1214,24.57
Gud,Gud2,Ditched,DitchedFar,30,0.154,27.15825,20.59
Gud,Gud2,Ditched,DitchedFar,35,0.1675,25.6239,21.45
Gud,Gud2,Ditched,DitchedFar,40,0.296,17.9312,26.57
Gud,Gud2,Ditched,DitchedFar,45,0.3085,16.5731,25.45
Gud,Gud2,Ditched,DitchedFar,50,0.3115,16.58745,25.78
Gud,Gud2,Ditched,DitchedFar,55,0.315,14.76,22.88
Gud,Gud2,Ditched,DitchedFar,60,0.1945,29.76235,28.93
Gud,Gud2,Ditched,DitchedFar,65,0.1915,26.58165,25.01
Gud,Gud2,Ditched,DitchedFar,70,0.4175,11.8271,24.17
Gud,Gud2,Ditched,DitchedFar,75,0.3705,15.71415,28.93
Gud,Gud2,Ditched,DitchedFar,80,0.413,11.0675,22.84
Gud,Gud2,Ditched,DitchedFar,85,0.611,6.397,19.09
Gud,Gud2,Ditched,DitchedFar,90,0.8005,2.8252,11.18
Gud,Gud2,Ditched,DitchedFar,95,0.9695,2.44205,11.9
Gud,Gud2,Ditched,DitchedFar,100,0.9895,2.20465,10.7
Gud,Gud2,Ditched,DitchedFar,105,0.957,2.1136,10.12
Gud,Gud4,Ditched,DitchedFar,0,0.149,37.3788,27.86
Gud,Gud4,Ditched,DitchedFar,5,0.145,37.8163,27.24
Gud,Gud4,Ditched,DitchedFar,10,0.194,28.8691,27.64
Gud,Gud4,Ditched,DitchedFar,15,0.3485,17.2369,29.4
Gud,Gud4,Ditched,DitchedFar,20,0.629,10.78875,33.62
Gud,Gud4,Ditched,DitchedFar,25,0.643,7.9101,25.27
Gud,Gud4,Ditched,DitchedFar,30,0.6795,7.5776,25.66
Gud,Gud4,Ditched,DitchedFar,35,0.7165,7.2676,25.92
Gud,Gud4,Ditched,DitchedFar,40,0.64,8.13935,26.13
Gud,Gud4,Ditched,DitchedFar,45,0.597,9.93985,29.41
Gud,Gud4,Ditched,DitchedFar,50,0.338,13.75585,23.28
Gud,Gud4,Ditched,DitchedFar,55,0.3235,14.51295,23.47
Gud,Gud4,Ditched,DitchedFar,60,0.3305,12.42945,20.6
Gud,Gud4,Ditched,DitchedFar,65,0.3775,10.90805,20.47
Gud,Gud4,Ditched,DitchedFar,70,0.6075,5.07225,15.31
Gud,Gud4,Ditched,DitchedFar,75,0.9215,2.398,10.83
Gud,Gud4,Ditched,DitchedFar,80,1.085,2.14805,11.63
Gud,Gud4,Ditched,DitchedFar,85,0.971,2.2994,11.24
Gud,Gud4,Ditched,DitchedFar,90,0.9745,1.2278,5.96
Gud,Gud4,Ditched,DitchedFar,95,1.132,1.0409,5.91
Gud,Gud4,Ditched,DitchedFar,100,1.3435,0.66745,4.61
Gud,Gud4,Ditched,DitchedFar,105,1.557,1.3582,9.4
Gud,Gud5,Ditched,DitchedNear,0,0.164,29.0155,23.78
Gud,Gud5,Ditched,DitchedNear,5,0.271,25.8513,34.42
Gud,Gud5,Ditched,DitchedNear,10,0.3665,12.11495,21.45
Gud,Gud5,Ditched,DitchedNear,15,0.868,3.7179,16.09
Gud,Gud5,Ditched,DitchedNear,20,1.2955,3.00295,19.39
Gud,Gud5,Ditched,DitchedNear,25,1.2805,2.7194,17.41
Gud,Gud5,Ditched,DitchedNear,30,1.1795,2.78805,16.42
Gud,Gud5,Ditched,DitchedNear,35,1.3885,3.1212,21.72
Gud,Gud5,Ditched,DitchedNear,40,1.142,3.83015,21.87
Gud,Gud5,Ditched,DitchedNear,45,1.0875,4.51705,24.49
Gud,Gud5,Ditched,DitchedNear,50,1.305,3.7161,24.29
Gud,Gud5,Ditched,DitchedNear,55,1.2045,3.49785,21.08
Gud,Gud5,Ditched,DitchedNear,60,0.9805,4.24555,20.81
Gud,Gud5,Ditched,DitchedNear,65,1.23,3.9338,24.18
Gud,Gud6,Ditched,DitchedNear,0,0.083,32.8597,13.7
Gud,Gud6,Ditched,DitchedNear,5,0.2405,23.94905,28.76
Gud,Gud6,Ditched,DitchedNear,10,0.6305,9.6448,25.23
Gud,Gud6,Ditched,DitchedNear,15,0.892,4.0783,17.83
Gud,Gud6,Ditched,DitchedNear,20,1.1815,1.11415,7.88
Gud,Gud6,Ditched,DitchedNear,25,1.437,1.3113,15.08
Gud,Gud8,Ditched,DitchedFar,0,0.169,25.4536,21.52
Gud,Gud8,Ditched,DitchedFar,5,0.2305,23.59225,27.11
Gud,Gud8,Ditched,DitchedFar,10,0.2705,22.71835,30.07
Gud,Gud8,Ditched,DitchedFar,15,0.3045,19.70745,30.04
Gud,Gud8,Ditched,DitchedFar,20,0.4235,15.23425,31.81
Gud,Gud8,Ditched,DitchedFar,25,0.58,8.15225,22.16
Gud,Gud8,Ditched,DitchedFar,30,0.8175,6.45105,26.42
Gud,Gud8,Ditched,DitchedFar,35,0.8545,5.6726,24.21
Gud,Gud8,Ditched,DitchedFar,40,0.5265,9.8646,26.38
Gud,Gud8,Ditched,DitchedFar,45,0.514,10.99945,28.24
Gud,Gud8,Ditched,DitchedFar,50,0.6535,7.79785,24.01
Gud,Gud8,Ditched,DitchedFar,55,0.495,12.85115,30.79
Gud,Gud8,Ditched,DitchedFar,60,0.3845,14.27235,27.39
Gud,Gud8,Ditched,DitchedFar,65,0.538,11.31475,30.51
Gud,Gud8,Ditched,DitchedFar,70,0.497,8.39985,20.62
Gud,Gud8,Ditched,DitchedFar,75,0.604,7.79555,23.54
Gud,Gud8,Ditched,DitchedFar,80,0.5705,8.21185,23.47
Gud,Gud8,Ditched,DitchedFar,85,0.66,7.85045,26.02
Gud,Gud8,Ditched,DitchedFar,90,0.613,7.20075,22.02
Gud,Gud8,Ditched,DitchedFar,95,0.825,4.7662,19.31
Gud,Gud8,Ditched,DitchedFar,100,0.886,3.2322,14.07
Gud,Gud8,Ditched,DitchedFar,105,0.9415,3.31655,15.84
Gud,Gud8,Ditched,DitchedFar,110,0.838,3.39435,14.23
Gud,Gud8,Ditched,DitchedFar,115,0.886,4.86175,21.52
Gud,Gud8,Ditched,DitchedFar,120,1.036,2.4811,12.19
Gud,Gud8,Ditched,DitchedFar,125,1.141,1.8451,10.48
Gud,Gud8,Ditched,DitchedFar,130,1.1965,1.2226,7.44
Gud,Gud8,Ditched,DitchedFar,135,0.795,0.9485,3.77
Gud,Gud8,Ditched,DitchedFar,140,1.057,0.93715,4.93
Gud,Gud8,Ditched,DitchedFar,145,1.4875,0.87795,6.54
Gud,Gud8,Ditched,DitchedFar,150,1.472,1.5343,11.28
Gud,Gud8,Ditched,DitchedFar,155,1.3995,1.45945,10.28
Gud,Gud8,Ditched,DitchedFar,160,1.403,1.2792,8.89
Gud,Gud8,Ditched,DitchedFar,165,1.4565,1.2214,8.9
Gud,Gud8,Ditched,DitchedFar,170,1.509,1.38395,10.45
Gud,Gud8,Ditched,DitchedFar,175,1.423,1.472,10.43
Gud,Gud8,Ditched,DitchedFar,180,1.1055,2.29465,12.85
Gud,Gud8,Ditched,DitchedFar,185,0.7975,5.13885,18.02
Gud,Gud8,Ditched,DitchedFar,190,0.8005,7.8842,31.56
Gud,Gud8,Ditched,DitchedFar,195,0.6135,7.23095,22.19
Gud,Gud8,Ditched,DitchedFar,200,0.501,4.93475,12.7
DeerA,DeerAC1,Intact,NonDitched,0,0.176,34.64621165,30.5
DeerA,DeerAC1,Intact,NonDitched,5,0.176,34.64621165,30.5
DeerA,DeerAC1,Intact,NonDitched,10,0.213,28.73364486,30.57
DeerA,DeerAC1,Intact,NonDitched,15,0.229,27.98129149,32
DeerA,DeerAC1,Intact,NonDitched,20,0.28,28.70576751,40.24
DeerA,DeerAC1,Intact,NonDitched,25,0.246,15.80627537,19.45
DeerA,DeerAC1,Intact,NonDitched,30,0.427,14.98373027,31.96
DeerA,DeerAC1,Intact,NonDitched,35,0.406,13.46929682,27.31
DeerA,DeerAC1,Intact,NonDitched,40,0.653,26.25629512,85.69
DeerA,DeerAC1,Intact,NonDitched,45,0.459,35.53919567,81.55
DeerA,DeerAC1,Intact,NonDitched,50,0.317,18.66660515,29.58
DeerA,DeerAC1,Intact,NonDitched,55,0.535,11.41242938,30.52
DeerA,DeerAC1,Intact,NonDitched,60,0.56,8.696142899,24.37
DeerA,DeerAC1,Intact,NonDitched,65,0.819,6.871267091,28.13
DeerA,DeerAC1,Intact,NonDitched,70,0.93,6.094898447,28.33
DeerA,DeerAC1,Intact,NonDitched,75,1.132,5.760716257,32.61
DeerA,DeerAC1,Intact,NonDitched,80,1.32,16.60107575,109.55
DeerA,DeerAC1,Intact,NonDitched,85,1.199,4.391698113,26.34
DeerA,DeerAC1,Intact,NonDitched,90,1.016,4.331392725,22
DeerA,DeerAC1,Intact,NonDitched,95,0.703,4.587763387,16.13
DeerA,DeerAC1,Intact,NonDitched,100,0.711,5.148072914,18.3
DeerA,DeerAC1,Intact,NonDitched,105,0.862,19.3622142,83.46
DeerA,DeerAC1,Intact,NonDitched,110,0.753,6.393162393,24.06
DeerA,DeerAC1,Intact,NonDitched,115,0.717,8.596663395,30.8
DeerA,DeerAC1,Intact,NonDitched,120,0.857,5.688529015,24.38
DeerA,DeerAC2,Intact,NonDitched,0,0.283,23.25268537,32.85
DeerA,DeerAC2,Intact,NonDitched,5,0.283,23.25268537,32.85
DeerA,DeerAC2,Intact,NonDitched,10,0.32,24.60668966,39.41
DeerA,DeerAC2,Intact,NonDitched,15,0.434,22.26372102,48.3
DeerA,DeerAC2,Intact,NonDitched,20,0.47,17.74317705,41.67
DeerA,DeerAC2,Intact,NonDitched,25,0.558,13.29511278,37.07
DeerA,DeerAC2,Intact,NonDitched,30,0.809,5.17184684,20.93
DeerA,DeerAC2,Intact,NonDitched,35,0.581,4.212993879,12.25
DeerB,Deer4Core,Intact,NonDitched,0,0.045,44.82323906,9.998
DeerB,Deer4Core,Intact,NonDitched,5,0.1005,40.34070346,20.187
DeerB,Deer4Core,Intact,NonDitched,10,0.1385,33.99758047,23.4776
DeerB,Deer4Core,Intact,NonDitched,15,0.165,32.40309556,26.7255
DeerB,Deer4Core,Intact,NonDitched,20,0.2435,29.87181248,36.3077
DeerB,Deer4Core,Intact,NonDitched,25,0.254,23.94188571,30.4664
DeerB,Deer4Core,Intact,NonDitched,30,0.375,19.63296734,37.109
DeerB,Deer4Core,Intact,NonDitched,35,0.3595,20.28919569,36.4652
DeerB,Deer4Core,Intact,NonDitched,40,0.294,19.81152145,29.1115
DeerB,Deer4Core,Intact,NonDitched,45,0.2685,23.1411258,31.0648
DeerB,Deer4Core,Intact,NonDitched,50,0.1915,20.54155913,19.9751
DeerB,Deer4Core,Intact,NonDitched,55,0.225,18.36090213,20.6138
DeerB,Deer4Core,Intact,NonDitched,60,0.189,22.38919585,21.2029
DeerB,Deer4Core,Intact,NonDitched,65,0.2235,37.89794054,42.3144
DeerB,Deer4Core,Intact,NonDitched,70,0.2005,43.06970097,43.2606
DeerB,Deer4Core,Intact,NonDitched,75,0.1675,39.58934244,33.0704
DeerB,Deer4Core,Intact,NonDitched,80,0.1265,43.22509069,27.3785
DeerB,Deer4Core,Intact,NonDitched,85,0.141,37.78524147,26.6507
DeerB,Deer4Core,Intact,NonDitched,90,0.1355,36.51007939,24.7322
DeerB,Deer4Core,Intact,NonDitched,95,0.139,33.81140729,23.5216
DeerB,Deer4Core,Intact,NonDitched,100,0.151,30.91196071,23.3085
DeerB,Deer4Core,Intact,NonDitched,105,0.1645,27.89642797,22.9109
DeerB,Deer4Core,Intact,NonDitched,110,0.156,26.67839756,20.7962
DeerB,Deer4Core,Intact,NonDitched,115,0.2735,17.77965121,23.9383
DeerB,Deer4Core,Intact,NonDitched,120,0.3475,12.77198105,21.9723
DeerB,Deer4Core,Intact,NonDitched,125,0.424,9.063089442,19.1697
DeerB,Deer4Core,Intact,NonDitched,130,0.4925,7.110398331,17.5162
DeerB,Deer4Core,Intact,NonDitched,135,0.4735,6.401517514,15.1275
DeerB,Deer4Core,Intact,NonDitched,140,0.503,5.689553161,14.3126
DeerB,Deer4Core,Intact,NonDitched,145,0.592,4.953697863,14.632
DeerB,Deer4Core,Intact,NonDitched,150,0.57,4.941814955,14.0512
DeerB,Deer4Core,Intact,NonDitched,155,0.6325,6.206687322,19.6133
DeerB,Deer4Core,Intact,NonDitched,160,0.601,7.314344905,21.9721
DeerB,Deer4Core,Intact,NonDitched,165,0.5915,7.113150586,20.9545
DeerB,Deer4Core,Intact,NonDitched,170,0.6395,6.916403588,22.1257
DeerB,Deer4Core,Intact,NonDitched,175,0.5935,7.687254468,22.7882
DeerB,Deer4Core,Intact,NonDitched,180,0.571,7.576231076,21.6143
DeerB,Deer4Core,Intact,NonDitched,185,0.583,6.97455401,20.3367
DeerB,Deer4Core,Intact,NonDitched,190,0.669,5.975494737,20.0388
DeerB,Deer4Core,Intact,NonDitched,195,0.5005,7.834560197,19.51
DeerB,Deer4Core,Intact,NonDitched,200,0.4495,8.701073914,19.5541
DeerB,Deer4Core,Intact,NonDitched,205,0.6225,7.473632803,23.3118
DeerB,Deer4Core,Intact,NonDitched,210,0.7135,6.660830798,23.7784
DeerB,Deer4Core,Intact,NonDitched,215,0.8635,3.988682402,16.8514
DeerB,Deer4Core,Intact,NonDitched,220,1.181,1.942387665,11.0935
DeerB,Deer4Core,Intact,NonDitched,225,1.2705,1.905786759,12.0898
DeerB,Deer4Core,Intact,NonDitched,230,1.1135,2.827521643,15.653
DeerB,Deer4Core,Intact,NonDitched,235,1.1065,2.88608517,15.9438
DeerB,Deer4Core,Intact,NonDitched,240,0.9545,2.64654322,12.6459
DeerB,Deer4Core,Intact,NonDitched,245,1.038,3.025986963,15.6691
DeerB,Deer4Core,Intact,NonDitched,250,0.945,2.265730489,5.3536
DeerB,DeerBC1,Ditched,DitchedFar,0,0.528,34.61273446,91.34
DeerB,DeerBC1,Ditched,DitchedFar,5,0.528,34.61273446,91.34
DeerB,DeerBC1,Ditched,DitchedFar,10,0.827,38.20711943,157.92
DeerB,DeerBC1,Ditched,DitchedFar,15,1.005,36.88159437,185.38
DeerB,DeerBC1,Ditched,DitchedFar,20,1.02,6.205428419,31.64
DeerB,DeerBC1,Ditched,DitchedFar,25,1.04,4.824753197,25.09
DeerB,DeerBC1,Ditched,DitchedFar,30,1.075,4.46714631,24
DeerB,DeerBC1,Ditched,DitchedFar,35,1.087,4.500041873,24.45
DeerB,DeerBC1,Ditched,DitchedFar,40,1.046,5.530395757,28.93
DeerB,DeerBC1,Ditched,DitchedFar,45,1.036,6.4434518,33.38
DeerB,DeerBC1,Ditched,DitchedFar,50,0.533,13.05585392,34.77
DeerB,DeerBC1,Ditched,DitchedFar,55,0.705,8.312732389,29.28
DeerB,DeerBC1,Ditched,DitchedFar,60,0.765,6.828672881,26.11
DeerB,DeerBC1,Ditched,DitchedFar,65,0.93,29.07822021,135.2
DeerB,DeerBC1,Ditched,DitchedFar,70,0.275,23.07803254,31.76
DeerB,DeerBC1,Ditched,DitchedFar,75,0.263,21.74131538,28.56
DeerB,DeerBC1,Ditched,DitchedFar,80,0.245,18.38145232,22.55
DeerB,DeerBC2,Ditched,DitchedNear,0,0.189,37.71922674,35.57
DeerB,DeerBC2,Ditched,DitchedNear,5,0.189,37.71922674,35.57
DeerB,DeerBC2,Ditched,DitchedNear,10,0.191,35.11529511,33.56
DeerB,DeerBC2,Ditched,DitchedNear,15,0.272,22.26069448,30.25
DeerB,DeerBC2,Ditched,DitchedNear,20,0.506,16.70671596,42.26
DeerB,DeerBC2,Ditched,DitchedNear,25,1.044,8.83468176,46.11
DeerB,DeerBC2,Ditched,DitchedNear,30,0.879,5.901489977,25.92
DeerB,DeerBC2,Ditched,DitchedNear,35,0.925,7.055567614,32.63
DeerB,DeerBC2,Ditched,DitchedNear,40,0.751,7.706605116,28.94
DeerB,DeerBC2,Ditched,DitchedNear,45,0.78,7.046263345,27.48
FawnA,FawnAC1,Ditched,DitchedFar,0,0.143,30.49808589,21.77
FawnA,FawnAC1,Ditched,DitchedFar,5,0.143,30.49808589,21.77
FawnA,FawnAC1,Ditched,DitchedFar,10,0.124,36.90491661,22.95
FawnA,FawnAC1,Ditched,DitchedFar,15,0.153,36.54118583,28.04
FawnA,FawnAC1,Ditched,DitchedFar,20,0.242,33.29764276,40.28
FawnA,FawnAC1,Ditched,DitchedFar,25,0.379,9.393284365,17.8
FawnA,FawnAC1,Ditched,DitchedFar,30,0.608,6.622644082,20.13
FawnA,FawnAC1,Ditched,DitchedFar,35,0.669,6.536013224,21.86
FawnA,FawnAC1,Ditched,DitchedFar,40,0.753,7.812566278,29.4
FawnA,FawnAC2,Ditched,DitchedNear,0,0.083,38.8147139,16.2
FawnA,FawnAC2,Ditched,DitchedNear,5,0.083,38.8147139,16.2
FawnA,FawnAC2,Ditched,DitchedNear,10,0.238,32.50423448,38.6
FawnA,FawnAC2,Ditched,DitchedNear,15,0.436,16.91960623,36.85
FawnA,FawnAC2,Ditched,DitchedNear,20,0.755,9.350463954,35.29
FawnA,FawnAC2,Ditched,DitchedNear,25,0.941,6.975251264,32.81
FawnA,FawnAC2,Ditched,DitchedNear,30,0.919,4.731862848,21.74
FawnA,FawnAC2,Ditched,DitchedNear,35,1.049,4.208795656,22.07
FawnE,Fawn1Core,Intact,NonDitched,0,0.197,27.74993508,27.338
FawnE,Fawn1Core,Intact,NonDitched,5,0.107,38.62024021,20.9027
FawnE,Fawn1Core,Intact,NonDitched,10,0.215,32.04133145,34.4388
FawnE,Fawn1Core,Intact,NonDitched,15,0.195,27.10880521,25.9725
FawnE,Fawn1Core,Intact,NonDitched,20,0.2265,22.80292818,25.6591
FawnE,Fawn1Core,Intact,NonDitched,25,0.455,15.30986021,34.631
FawnE,Fawn1Core,Intact,NonDitched,30,0.608,12.00445329,36.5009
FawnE,Fawn1Core,Intact,NonDitched,35,0.542,13.09323162,35.3579
FawnE,Fawn1Core,Intact,NonDitched,40,0.5285,20.9306695,51.9231
FawnE,Fawn1Core,Intact,NonDitched,45,0.244,27.23972675,33.2243
FawnE,Fawn1Core,Intact,NonDitched,50,0.3005,19.59703223,29.2665
FawnE,Fawn1Core,Intact,NonDitched,55,0.35,12.24819025,20.3448
FawnE,Fawn1Core,Intact,NonDitched,60,0.386,15.19865917,29.3819
FawnE,Fawn1Core,Intact,NonDitched,65,0.3365,16.19341795,27.186
FawnE,Fawn1Core,Intact,NonDitched,70,0.3355,15.02849625,25.2333
FawnE,Fawn1Core,Intact,NonDitched,75,0.319,17.26422463,27.2955
FawnE,Fawn1Core,Intact,NonDitched,80,0.456,10.09356061,21.4479
FawnE,Fawn1Core,Intact,NonDitched,85,0.638,5.128162433,16.3706
FawnE,Fawn1Core,Intact,NonDitched,90,0.5495,11.76460522,33.3253
FawnE,Fawn1Core,Intact,NonDitched,95,0.466,10.21546064,24.1131
FawnE,Fawn1Core,Intact,NonDitched,100,0.415,11.38864199,23.5639
FawnE,Fawn1Core,Intact,NonDitched,105,0.3555,12.41023396,22.2879
FawnE,Fawn1Core,Intact,NonDitched,110,0.402,11.53030339,22.9175
FawnE,Fawn1Core,Intact,NonDitched,115,0.4875,7.905565832,19.2556
FawnE,Fawn1Core,Intact,NonDitched,120,0.678,6.043302482,20.3326
FawnE,Fawn1Core,Intact,NonDitched,125,0.489,7.527154266,18.3531
FawnE,Fawn1Core,Intact,NonDitched,130,0.436,9.440765726,20.5297
FawnE,Fawn1Core,Intact,NonDitched,135,0.4995,10.04515526,25.1994
FawnE,Fawn1Core,Intact,NonDitched,140,0.4715,8.686485476,20.4407
FawnE,Fawn1Core,Intact,NonDitched,145,0.5965,7.493406964,22.28
FawnE,Fawn1Core,Intact,NonDitched,150,0.818,5.370874948,21.5184
FawnE,Fawn1Core,Intact,NonDitched,155,0.9315,3.827497365,17.9707
FawnE,Fawn1Core,Intact,NonDitched,160,1.1295,1.958558909,10.5715
FawnE,Fawn1Core,Intact,NonDitched,165,0.8415,2.131139326,7.9959
FawnE,Fawn1Core,Intact,NonDitched,170,0.548,2.941839858,6.445
FawnE,Fawn2Core,Intact,NonDitched,0,0.305,30.77100115,46.8658
FawnE,Fawn2Core,Intact,NonDitched,5,0.2875,20.83036006,29.2711
FawnE,Fawn2Core,Intact,NonDitched,10,0.481,12.97870121,30.9691
FawnE,Fawn2Core,Intact,NonDitched,15,0.686,7.189520364,24.0302
FawnE,Fawn2Core,Intact,NonDitched,20,0.98,4.405623816,21.5463
FawnE,Fawn2Core,Intact,NonDitched,25,1.1065,3.872337575,21.431
FawnE,Fawn2Core,Intact,NonDitched,30,1.1255,2.013190829,11.3518
FawnE,Fawn2Core,Intact,NonDitched,35,1.0795,1.28099091,6.9309
FawnE,Fawn2Core,Intact,NonDitched,40,0.8225,7.931656116,30.8532
FawnE,Fawn2Core,Intact,NonDitched,45,0.613,11.60452534,35.5472
FawnE,Fawn2Core,Intact,NonDitched,50,0.7095,10.02134115,35.5711
FawnE,Fawn2Core,Intact,NonDitched,55,0.781,8.773877013,34.2442
FawnE,Fawn2Core,Intact,NonDitched,60,0.791,6.991571386,27.4892
FawnE,Fawn2Core,Intact,NonDitched,65,0.9675,4.102240538,19.8067
FawnE,Fawn2Core,Intact,NonDitched,70,1.191,2.970449032,17.6585
FawnE,Fawn2Core,Intact,NonDitched,75,1.3465,2.948238067,19.8454
FawnE,Fawn2Core,Intact,NonDitched,80,1.2985,2.008572941,13.0934
FawnE,Fawn2Core,Intact,NonDitched,85,1.1175,3.817718629,21.0991
FawnE,Fawn2Core,Intact,NonDitched,90,1.05,4.349365034,22.8027
FawnE,Fawn2Core,Intact,NonDitched,95,1.09,3.29585079,18.1489
FawnE,Fawn2Core,Intact,NonDitched,100,0.987,2.845184278,14.0365
FawnE,Fawn2Core,Intact,NonDitched,105,1.2185,1.829190631,11.24
FawnE,Fawn2Core,Intact,NonDitched,110,1.163,1.175625507,6.8008
FawnE,Fawn2Core,Intact,NonDitched,115,1.376,0.95302991,6.575
FawnE,Fawn2Core,Intact,NonDitched,120,0.937,3.089867436,14.4999
FawnE,Fawn2Core,Intact,NonDitched,125,0.8135,5.298670368,21.2105
FawnE,Fawn2Core,Intact,NonDitched,130,0.64,5.093452241,16.1228
FawnE,Fawn2Core,Intact,NonDitched,135,0.937,4.505645073,21.1372
FawnE,Fawn2Core,Intact,NonDitched,140,0.961,4.328964324,20.8269
FawnE,Fawn2Core,Intact,NonDitched,145,1.0445,2.467826097,12.9558
FawnE,Fawn2Core,Intact,NonDitched,150,0.81,2.827442668,12.413
FawnE,Fawn2Core,Intact,NonDitched,155,0.894,4.010918516,16.2294
FawnE,Fawn2Core,Intact,NonDitched,160,0.9255,3.770978917,17.3716
FawnE,Fawn2Core,Intact,NonDitched,165,1.052,2.446153096,12.9037
FawnE,Fawn2Core,Intact,NonDitched,170,1.138,1.27824596,7.1961
FawnE,Fawn2Core,Intact,NonDitched,175,1.263,1.069392871,6.7611
FawnE,Fawn2Core,Intact,NonDitched,180,1.324,1.400893809,9.2633
FawnE,Fawn2Core,Intact,NonDitched,185,1.26,1.764551334,11.1203
FawnE,Fawn2Core,Intact,NonDitched,190,1.2205,1.233815145,7.5133
FawnE,Fawn2Core,Intact,NonDitched,195,1.217,1.152726802,7.7488
FawnF,Fawn4Core,Ditched,DitchedNear,0,0.146,33.12347487,24.229
FawnF,Fawn4Core,Ditched,DitchedNear,5,0.562,14.08263703,38.4555
FawnF,Fawn4Core,Ditched,DitchedNear,10,1.0905,4.352772771,24.9011
FawnF,Fawn4Core,Ditched,DitchedNear,15,1.403,4.725006572,32.5883
FawnF,Fawn4Core,Ditched,DitchedNear,20,1.4255,2.386971054,16.5575
FawnF,Fawn4Core,Ditched,DitchedNear,25,1.402,1.027340042,7.1862
FawnF,Fawn7Core,Ditched,DitchedNear,0,0.184,23.35088915,21.4804
FawnF,Fawn7Core,Ditched,DitchedNear,5,0.294,19.53413871,28.4213
FawnF,Fawn7Core,Ditched,DitchedNear,10,0.557,11.2797191,29.9322
FawnF,Fawn7Core,Ditched,DitchedNear,15,0.6015,8.701713227,26.0171
FawnF,Fawn7Core,Ditched,DitchedNear,20,0.902,6.747388939,30.4468
FawnF,Fawn7Core,Ditched,DitchedNear,25,1.1075,5.022950865,27.6047
FawnF,Fawn7Core,Ditched,DitchedNear,30,1.5565,2.783531886,20.9359
FawnF,Fawn7Core,Ditched,DitchedNear,35,1.3985,1.184280391,8.4851
FawnF,Fawn7Core,Ditched,DitchedNear,40,1.617,0.92153491,7.4172
FawnF,Fawn7Core,Ditched,DitchedNear,45,1.604,0.858386812,6.7697
FawnF,Fawn7Core,Ditched,DitchedNear,50,1.649,1.033732268,8.5212
Steve,Steve1,Intact,NonDitched,0,1.156,0.72997231,4.22
Steve,Steve1,Intact,NonDitched,5,0.8275,4.821668301,19.2985
Steve,Steve1,Intact,NonDitched,10,0.3855,9.151427753,18.0576
Steve,Steve1,Intact,NonDitched,15,0.4135,9.821197014,20.301
Steve,Steve1,Intact,NonDitched,20,0.4495,15.4178804,34.8713
Steve,Steve1,Intact,NonDitched,25,0.358,18.24821655,32.6473
Steve,Steve1,Intact,NonDitched,30,0.194,30.0340139,28.8589
Steve,Steve1,Intact,NonDitched,35,0.21,31.74600256,33.3326
Steve,Steve1,Intact,NonDitched,40,0.1385,38.3233459,26.4773
Steve,Steve1,Intact,NonDitched,45,0.1505,43.19266641,32.4502
Steve,Steve1,Intact,NonDitched,50,0.303,10.71182687,10.2366
Steve,Steve1,Intact,NonDitched,55,0.9605,1.662001782,7.5523
Steve,Steve1,Intact,NonDitched,60,1.143,0.642720307,3.6752
Steve,Steve1,Intact,NonDitched,65,1.3545,0.743769659,5.0341
Steve,Steve1,Intact,NonDitched,70,1.3105,0.697580027,4.5661
Steve,Steve1,Intact,NonDitched,75,0.445,10.74203841,21.427
Steve,Steve1,Intact,NonDitched,80,0.1935,22.49499185,22.0856
Steve,Steve1,Intact,NonDitched,85,0.181,27.76624454,25.1232
Steve,Steve1,Intact,NonDitched,90,0.279,17.50080682,22.9546
Steve,Steve1,Intact,NonDitched,95,0.356,11.6796134,20.6258
Steve,Steve1,Intact,NonDitched,100,0.2245,13.10631396,14.6973
Steve,Steve1,Intact,NonDitched,105,0.282,11.42972786,15.9577
Steve,Steve1,Intact,NonDitched,110,0.233,11.98249956,14.0394
Steve,Steve1,Intact,NonDitched,115,0.188,15.96125847,15.0884
Steve,Steve1,Intact,NonDitched,120,0.184,13.03623346,11.9236
Steve,Steve1,Intact,NonDitched,125,0.2915,8.005805808,11.5699
Steve,Steve1,Intact,NonDitched,130,0.2255,7.88156943,8.9415
Steve,Steve1,Intact,NonDitched,135,0.3405,6.368297636,10.671
Steve,Steve1,Intact,NonDitched,140,0.356,5.386132023,9.5806
Steve,Steve1,Intact,NonDitched,145,0.327,6.28927563,10.2508
Steve,Steve1,Intact,NonDitched,150,0.2515,6.426555702,8.0757
Steve,Steve1,Intact,NonDitched,155,0.3575,7.159146743,12.8
Steve,Steve1,Intact,NonDitched,160,0.253,7.343461971,9.322
Steve,Steve1,Intact,NonDitched,165,0.345,5.779814242,9.8378
Steve,Steve1,Intact,NonDitched,170,0.3945,3.241480878,6.2876
Steve,Steve1,Intact,NonDitched,175,0.47,2.174022819,5.085
Steve,Steve1,Intact,NonDitched,180,0.4765,2.405063394,5.7907
Steve,Steve1,Intact,NonDitched,185,0.477,1.59519126,3.7684
Steve,Steve1,Intact,NonDitched,190,0.5185,0.927282829,2.3723
Steve,Steve1,Intact,NonDitched,195,0.496,0.894528556,2.2125
Steve,Steve2,Ditched,DitchedFar,0,0.178,45.88565348,40.927
Steve,Steve2,Ditched,DitchedFar,5,0.178,45.88565348,40.927
Steve,Steve2,Ditched,DitchedFar,10,0.175,46.13570801,40.272
Steve,Steve2,Ditched,DitchedFar,15,0.184,38.80067384,35.634
Steve,Steve2,Ditched,DitchedFar,20,0.355,42.67001546,75.7186
Steve,Steve2,Ditched,DitchedFar,25,0.227,29.22485207,33.1372
Steve,Steve2,Ditched,DitchedFar,30,0.333,15.38414259,25.5774
Steve,Steve2,Ditched,DitchedFar,35,0.571,11.59496608,33.0831
Steve,Steve2,Ditched,DitchedFar,40,0.466,10.86932447,25.336
Steve,Steve2,Ditched,DitchedFar,45,0.637,19.04895525,60.6679
Steve,Steve2,Ditched,DitchedFar,50,0.22,14.51171369,15.9582
Steve,Steve2,Ditched,DitchedFar,55,0.315,11.93265927,18.7766
Steve,Steve2,Ditched,DitchedFar,60,0.326,12.5357161,20.413
Steve,Steve2,Ditched,DitchedFar,65,0.44,12.46847721,27.4025
Steve,Steve2,Ditched,DitchedFar,70,0.473,11.20671082,26.4984
Steve,Steve2,Ditched,DitchedFar,75,0.578,10.75380914,31.075
Steve,Steve2,Ditched,DitchedFar,80,0.585,10.54102259,30.841
Steve,Steve2,Ditched,DitchedFar,85,0.5,10.43024482,26.0891
Steve,Steve2,Ditched,DitchedFar,90,0.742,4.757017929,17.6547
Steve,Steve2,Ditched,DitchedFar,95,0.679,8.83193148,30.0029
Steve,Steve3,Ditched,DitchedNear,0,0.412,23.64216782,48.741
Steve,Steve3,Ditched,DitchedNear,5,0.412,23.64216782,48.741
Steve,Steve3,Ditched,DitchedNear,10,0.693,10.76817498,37.2961
Steve,Steve3,Ditched,DitchedNear,15,1.284,2.923999662,18.7674
Steve,Steve3,Ditched,DitchedNear,20,1.42,3.158873638,22.4331
Steve,Steve3,Ditched,DitchedNear,25,1.339,2.883422383,19.3031
Steve,Steve3,Ditched,DitchedNear,30,1.426,2.944376152,20.9915
Steve,Steve3,Ditched,DitchedNear,35,1.152,2.812192724,16.2046
SpikeBox,SpikeBC1,Ditched,DitchedFar,0,0.286,26.89931125,38.5172
SpikeBox,SpikeBC1,Ditched,DitchedFar,5,0.286,26.89931125,38.5172
SpikeBox,SpikeBC1,Ditched,DitchedFar,10,0.831,11.05809226,45.93
SpikeBox,SpikeBC1,Ditched,DitchedFar,15,1.038,5.026427061,26.087
SpikeBox,SpikeBC1,Ditched,DitchedFar,20,1.305,4.086681548,26.6727
SpikeBox,SpikeBC1,Ditched,DitchedFar,25,1.327,2.520952801,16.7317
SpikeBox,SpikeBC1,Ditched,DitchedFar,30,0.876,2.582044331,11.3101
SpikeBox,SpikeBC1,Ditched,DitchedFar,35,1.167,2.12667162,12.4087
SpikeBox,SpikeBC1,Ditched,DitchedFar,40,1.45,1.563188692,11.3295
SpikeBox,SpikeBC1,Ditched,DitchedFar,45,1.876,1.528833602,14.3424
SpikeBox,SpikeBC1,Ditched,DitchedFar,50,1.401,0.827603819,5.7953
SpikeBox,SpikeBC1,Ditched,DitchedFar,55,1.213,4.077790084,24.7389
SpikeBox,SpikeBC1,Ditched,DitchedFar,60,1.323,3.481796185,23.0258
SpikeBox,SpikeBC1,Ditched,DitchedFar,65,1.307,3.321209465,21.7099
SpikeBox,SpikeBC1,Ditched,DitchedFar,70,1.584,3.501440922,27.7268
SpikeBox,SpikeBC1,Ditched,DitchedFar,75,1.306,2.840738141,18.5545
SpikeBox,SpikeBC1,Ditched,DitchedFar,80,1.456,2.838489041,20.6678
SpikeBox,SpikeBC1,Ditched,DitchedFar,85,1.129,2.473507366,13.9569
SpikeBox,SpikeBC1,Ditched,DitchedFar,90,1.145,2.346835272,13.4299
SpikeBox,SpikeBC1,Ditched,DitchedFar,95,1.399,1.79897454,12.5829
SpikeBox,SpikeBC1,Ditched,DitchedFar,100,1.557,0.982962636,7.6544
SpikeBox,SpikeBC1,Ditched,DitchedFar,105,1.471,1.285188036,9.4552
SpikeBox,SpikeBC1,Ditched,DitchedFar,110,1.273,1.135576447,7.2285
SpikeBox,SpikeBC2,Ditched,DitchedNear,0,0.884,30.45469701,134.5695
SpikeBox,SpikeBC2,Ditched,DitchedNear,5,0.884,30.45469701,134.5695
SpikeBox,SpikeBC2,Ditched,DitchedNear,10,1.099,12.71124548,69.854
SpikeBox,SpikeBC2,Ditched,DitchedNear,15,1.619,4.911721153,39.7563
SpikeBox,SpikeBC2,Ditched,DitchedNear,20,1.309,5.821492007,38.1137
SpikeBox,SpikeBC2,Ditched,DitchedNear,25,1.261,3.510158674,22.1365
SpikeBox,SpikeBC2,Ditched,DitchedNear,30,1.239,3.740034391,23.1652
SpikeBox,SpikeBC2,Ditched,DitchedNear,35,1.277,3.028935905,19.3323
SpikeBox,SpikeBC2,Ditched,DitchedNear,40,1.428,0.561966884,4.0112
SpikeBox,SpikeGC1,Intact,NonDitched,0,0.78,39.48421053,154.0763
SpikeBox,SpikeGC1,Intact,NonDitched,5,0.78,39.48421053,154.0763
SpikeBox,SpikeGC1,Intact,NonDitched,10,1.062,27.80138821,147.5886
SpikeBox,SpikeGC1,Intact,NonDitched,15,1.174,11.02726263,64.7261
SpikeBox,SpikeGC1,Intact,NonDitched,20,1.188,11.74305285,69.7496
SpikeBox,SpikeGC1,Intact,NonDitched,25,1.253,3.694448923,23.1426
SpikeBox,SpikeGC1,Intact,NonDitched,30,1.013,2.304028021,11.6665
SpikeBox,SpikeGC1,Intact,NonDitched,35,1.086,2.540192013,13.7932
SpikeBox,SpikeGC1,Intact,NonDitched,40,0.945,2.403036194,11.3578
SpikeBox,SpikeGC1,Intact,NonDitched,45,1.039,2.696485141,14.0042
SpikeBox,SpikeGC1,Intact,NonDitched,50,0.995,2.685595443,13.3638
SpikeBox,SpikeGC1,Intact,NonDitched,55,1.039,2.965478083,15.4041
SpikeBox,SpikeGC1,Intact,NonDitched,60,1.129,2.61167002,14.7424
SpikeBox,SpikeGC1,Intact,NonDitched,65,1.007,2.622315302,13.2028
SpikeBox,SpikeGC1,Intact,NonDitched,70,1.011,3.391116942,17.1502
SpikeBox,SpikeGC1,Intact,NonDitched,75,1.091,2.991898148,16.3212
SpikeBox,SpikeGC1,Intact,NonDitched,80,0.978,3.053552701,14.9347
SpikeBox,SpikeGC1,Intact,NonDitched,85,1.144,4.478679505,25.6179
SpikeBox,SpikeGC1,Intact,NonDitched,90,1.039,3.956799432,20.5484
SpikeBox,SpikeGC1,Intact,NonDitched,95,0.845,4.04714879,17.0932
SpikeBox,SpikeGC1,Intact,NonDitched,100,0.816,3.408044507,13.897
SpikeBox,SpikeGC2,Intact,NonDitched,0,0.827,33.83388126,139.8202
SpikeBox,SpikeGC2,Intact,NonDitched,5,0.827,33.83388126,139.8202
SpikeBox,SpikeGC2,Intact,NonDitched,10,0.938,15.42234797,72.3303
SpikeBox,SpikeGC2,Intact,NonDitched,15,0.987,4.496754431,22.2022
SpikeBox,SpikeGC2,Intact,NonDitched,20,1.017,3.660157241,18.61
SpikeBox,SpikeGC2,Intact,NonDitched,25,0.931,3.205068649,14.9179
SpikeBox,SpikeGC2,Intact,NonDitched,30,0.962,3.121107266,15.0185
Mcgin,Mcgin1,Ditched,DitchedFar,0,0.344,13.51395539,23.2562
Mcgin,Mcgin1,Ditched,DitchedFar,5,0.344,13.51395539,23.2562
Mcgin,Mcgin1,Ditched,DitchedFar,10,0.312,16.57661461,25.8959
Mcgin,Mcgin1,Ditched,DitchedFar,15,0.384,20.02564103,38.4415
Mcgin,Mcgin1,Ditched,DitchedFar,20,0.603,19.97325658,60.1955
Mcgin,Mcgin1,Ditched,DitchedFar,25,0.407,17.4195252,35.4729
Mcgin,Mcgin1,Ditched,DitchedFar,30,0.472,23.17062107,54.7185
Mcgin,Mcgin1,Ditched,DitchedFar,35,0.349,24.86383852,43.3978
Mcgin,Mcgin1,Ditched,DitchedFar,40,0.229,28.13612914,32.1641
Mcgin,Mcgin1,Ditched,DitchedFar,45,0.337,22.7433852,38.3395
Mcgin,Mcgin1,Ditched,DitchedFar,50,0.291,19.87714772,28.9039
Mcgin,Mcgin1,Ditched,DitchedFar,55,0.511,32.29625591,82.593
Mcgin,Mcgin1,Ditched,DitchedFar,60,0.314,26.17650362,41.087
Mcgin,Mcgin1,Ditched,DitchedFar,65,0.259,31.10370538,40.2121
Mcgin,Mcgin1,Ditched,DitchedFar,70,0.37,32.81553398,60.7701
Mcgin,Mcgin1,Ditched,DitchedFar,75,0.289,26.78617525,38.7259
Mcgin,Mcgin1,Ditched,DitchedFar,80,0.313,25.89198384,40.5652
Mcgin,Mcgin1,Ditched,DitchedFar,85,0.227,20.71656723,23.4618
Mcgin,Mcgin1,Ditched,DitchedFar,90,0.233,24.00132091,27.9174
Mcgin,Mcgin1,Ditched,DitchedFar,95,0.245,25.75824528,31.573
Mcgin,Mcgin1,Ditched,DitchedFar,100,0.239,31.48228462,37.6142
Mcgin,Mcgin1,Ditched,DitchedFar,105,0.5,40.91556481,102.3787
Mcgin,Mcgin1,Ditched,DitchedFar,110,0.398,15.25410692,30.3695
Mcgin,Mcgin1,Ditched,DitchedFar,115,0.297,20.64089595,30.6204
Mcgin,Mcgin1,Ditched,DitchedFar,120,0.265,26.1082996,34.5792
Mcgin,Mcgin1,Ditched,DitchedFar,125,0.391,17.16430067,33.5468
Mcgin,Mcgin1,Ditched,DitchedFar,130,0.693,8.387850467,29.062
Mcgin,Mcgin1,Ditched,DitchedFar,135,0.714,5.606891954,20.0289
Mcgin,Mcgin1,Ditched,DitchedFar,140,0.388,10.72203504,20.8139
Mcgin,Mcgin1,Ditched,DitchedFar,145,0.58,22.65000804,65.7347
Mcgin,Mcgin1,Ditched,DitchedFar,150,0.447,12.69173391,28.3754
Mcgin,Mcgin1,Ditched,DitchedFar,155,0.24,25.84635668,31.0056
Mcgin,Mcgin1,Ditched,DitchedFar,160,0.55,44.58510638,122.6349
Mcgin,Mcgin1,Ditched,DitchedFar,165,0.705,39.44017816,139.0304
Mcgin,Mcgin1,Ditched,DitchedFar,170,0.532,22.43650047,59.7158
Mcgin,Mcgin1,Ditched,DitchedFar,175,0.483,9.687686098,23.3748
Mcgin,Mcgin1,Ditched,DitchedFar,180,0.696,8.003524673,27.8698
Mcgin,Mcgin1,Ditched,DitchedFar,185,0.393,10.61487965,20.8798
Mcgin,Mcgin1,Ditched,DitchedFar,190,0.523,9.15643487,23.9479
Mcgin,Mcgin1,Ditched,DitchedFar,195,0.493,9.202271894,22.6696
Mcgin,Mcgin1,Ditched,DitchedFar,200,0.906,31.99806679,144.9492
Mcgin,Mcgin1,Ditched,DitchedFar,205,0.526,24.35607349,64.0863
Mcgin,Mcgin2,Ditched,DitchedNear,0,0.293,23.38899035,34.2294
Mcgin,Mcgin2,Ditched,DitchedNear,5,0.293,23.38899035,34.2294
Mcgin,Mcgin2,Ditched,DitchedNear,10,0.536,13.61410742,36.4805
Mcgin,Mcgin2,Ditched,DitchedNear,15,0.713,8.251542344,29.3989
Mcgin,Mcgin2,Ditched,DitchedNear,20,0.734,6.714416569,24.6306
Mcgin,Mcgin2,Ditched,DitchedNear,25,1.031,7.43085795,38.2996
Mcgin,Mcgin2,Ditched,DitchedNear,30,0.56,6.142693081,17.2071
